sequence,score
EVQLLESGGGLVQPGGSLRLSCAASGFNANSLWMSWKKQAPGKGLSWVSNIKQAGSEFECVDSVKGRFTISRDNPKNSLYLQMYSLRAEKTAVYYCAR,0.9801809895499213
EVQLLEGGGGLVQPGGSLRLSCAADGKEGSSMWIKWVRQAPGKELEWVSNGPVDGHEKYYVDSNKYRFTISRLNAKNSLYLQMNSLRAEDTMVYYCAR,0.9310663474138338
EVQLLESGGDLVQPGGSCRLSCAASGHEFSSMPISWVRQAPGKGLEWVSNCPIDFSEKYYVPSDVNRFTISRDNAKNSLYLQMNSLRAEDTIVYYCAK,0.9147231779860935
EVQLLESGGGLVQPGGSLRLSCAASGFTFSSYWMSWVRQAPGKGLEWVSNIKQDGSEKYYVDSVKGRFTISRDNAKNSLYLQMNSLRAEDTAVYYCAR,0.909284146425571
EVKLWEHGYGLVQPGGSLRLSCAASGPTFYTYWMSWVRQAPGKNLEWVSNIKQDGSEKPYFDSVKSRFTISRDNAKNSLYLQMNSLRAEDTAVYYCAR,0.9088733397088161
EEQLLESGAGLVQPGGSLRLSCAASGKEKSSNWILWVRQAPGKGLEWVSNCMVDGSEKYYKWSNMYRFTISRDNAKNSLYLQMNSARAEDTQVYYCAR,0.9020373683140117
QVQLVQSGAEVKKPGASVKVSCKASGYTFTSYWMHWVRQAPGQGLEWMGRIDPNSGGTNYAQKFQGRVTITADESTSTAYMELSSLRSEDTAVYYCAR,0.8970645567005114
EVQLLPSHGGLVNPGGSLRLSYAASGETFSSYWMSWVRQAPGKGLEWVSKIKQDGWEKYYADSVKCRFTISRDNAKNSLYLQMNSLRAEDTNVIYCAR,0.8969469807376572
EVQLLESGGGLVQPGGSLRLSCAASGKEFSSMWISWVRQAPGKGLEWVSNCPVDGSEKYYVWSNKYRFTISRDNAKNSLYLQMNSLRAEDTQVYYCAR,0.893840324930165
EVQLLESGGGLVQPGGSLRLSCAASGFDYSSEWMSWVRQAPGKGLEWVSNIVSDGSEKYYQDLVKLYFTISRDGAKNSLYLQMNSLRAEDTAVYYCAR,0.8916814114548957
EVQLLESGGGLNQPGGSLRCSCAASGFTFPPEWMSWVRQAPHKGLEWVSNQKQQGHHKYYWDSVKGFFTISRDNADNSLYLQMNSLRAEDTAVYYCAR,0.8916475386937831
NVQLLESGGQAVQPGGSLRLSCAASGPTMSSFWMSWVRQAPGKGLVWVSNRKQIGSPKYYVDSVRGRFTISRDNAKNSLYLQMNSLRAEDTAVYYTAR,0.8882782416712478
EVQLLESGGGLVQPGGSLRLSCAAHGFTCSSYWQSWVRQAPGKCMEWVSNIKQAGSNKYYVDSPEYRFTISRDNAKNSLYHQMNSLRAEDTAVYYCAR,0.8783573910330377
EVQLLESGGGLVQPGGRLRLSCAASGFTTSVYWMFWVRQAPGKGLEWVSNIKQAGAEKYYVDSVAGRFTISRDNAKNSLALQMNSLRAEDSAVYYCAR,0.8756082908417706
EVQLLESGGGLVQPGGSLRLSCAASGFTESSYWMSWVRQAPGKGLEWVSVIKQWGSEKEYVRSFKGRFTISRDNAKNTLYLQMNSLRAEDCAVYYCAR,0.8697976642805265
EVQLLESGGGLVQPGGSLRLSCAAWGFTFSSYLMTWVRQAPGKGLEWVSNLLQDGSEKYYVHSVYGRFTASRDNAKNSLYLQMNSLRAEDTAVYYCAR,0.8691361473340053
EVQLLESGGGLVQPGGSLRLSCAASRFTESSYWMSWVRQHPGKGLEWVNLIKQWGSEKEYGRSFQGRFTISRDNAKNTLYLQMNSLRAEDCAVYYCAR,0.8652318654576795
EVQLLESYGGLVQPGGFLYLSCAASGFTFDPYRMSWVRQAPGKGLEWVSNIMAIWSEVYAVASVKERFTISRDNAKNSLYLQMESLRAEDTGVYYIAV,0.8543660703546402
EVQLLESGGGLVQPWGSLRLACAASGFNFPCYWMSWVRQAPMKGLEWVSNIKASHFEGYYVDSVHGRFTISRDNAKNSLYLQMNSLRAEDTAVYYCAR,0.8539695786843478
EVQLLESGGGPVQGGGSLRLSCAASGFTFSSYWMSWVRQAPGKGLEWVSNEKLKGSRKYYVDEVKGRFTISRDNAKNSLCLQMESLRAEDTAVYYCAR,0.8537402816672848
EVQLLESGGGLVQPGGSLRLSCAASGFIFSSYWMWWVRQAPGKGLRWVGNQKTDGSKPYYVDSVKGRFHISRDNHKNSLYLQMNSLRAEDTAVYICAR,0.8501012328381877
EVQLLESFGGLVQPGGSLRLSCAASGFTFSPYRMSWVRQAPGKGLTWVSNIVAMWINKYMVAWVKERFTISRDNAKNSLYLQMNSLRAEDTAVYYIAV,0.8432298258200636
EVQLEESGGGLVQPGGSLRCSCAASGQTFSSYWMSWVRQAPGKGLFWVSNLKQDGSEKYYVDSVFGRFTISRDNAKNSLYLQMNSLRAEDTAVYYCAR,0.8333249547674696
EVQLVESGGGLVQPGGSLRLSCAASGFTFSSYAMSWVRQAPGKGLEWVSAISGSGGSTYYADSVKGRFTISRDNSKNTLYLQMNSLRAEDTAVYYCAR,0.8330132164688164
EVQLLESGGGLVQPGGSLRLSCAASGFTFSPYRMSWVRQAPGKGLEWVSNIVADWSEKYAVASVKERFTISRDNAKNSLYLQMNSLRAEDTAVYYIAV,0.8276516747075315
EVQLLESGGGLVQPGGWLRLSCAASGFTCSSYWMCWVRQNPGKGLEWVSNINKAGSEKPYVDSRKPRFTISRDNAKNSLGLQMNSLRAEDTAEYACAI,0.821000015092826
EVTLLESGGGLVQPGGSLRLSCAASGPTFCSYWFSWVRQAPDKGLEWVSNIKQDGSEKYYWDSHKGRFTDSRDNAKNSLYLQMNSLRAEDTAVYYCAI,0.81589902185738
EVQLLESGGGLVQPGGSLRLSCAASGFTFSSYHMHWVRQAPGKGLEWVSNIKQDISDKYYKDDVKGRFTISRDNAKNSLYLQMNSTRAEDTAVYYCAR,0.8152686470395961
EVQLLESGGGLVQPGGSLRFSCAASGFTCWSYWMKWVRQAPGKGLEWVNNIKQDGSEQYYVDFVLWRFTISRDNAKNSLYLQQNSLRAEDTAVYYCAR,0.8118465813540727
EVQLLESGGGLVQPGGSLRLSCAASGFTFYSAWMLWVRQAPGKGLEWVSNIKQDGSEIYGVDSVKARFTISRDNAKNSLYLQMNSLRAEDTAVWYCAR,0.8025948368614995
EVQLLEAGGGLLQPGGSLRLSCAASGFTVSWYYMSWVRQAPGKGLEWVSNIVADWSEKIAVLSVKGRFTISRDNAKNSLYWQMNSLRAEDTAVYYIAV,0.7925299664973295
EVQLLESPGGLVQPGGSLRLSKAASGFTEKSHWMSWVRQAPGKGLEWVSVKKAWGSEEAYVRSFKMRFTISRNNAKNTLYLQMNSLRAWDCAVYYCAR,0.7901561017728895
EVQLLEQGGGLVQEGGSLRLSCAASGFTFSPYRMTWVRQAPHKGLEWVSNIVHDWSEKYAVASFHERFTISRDNAKNSLYLQMNSLRAEDTAVYYIAV,0.7850710790660326
EVQLLESGGGLVQPGVSLRQSCAASGFTFSSYKMSWVRQAPGKGLEWVSQIKQDGIEKYYDDSVKGRFMISRDNAKNSLYLQMNSLRAEDTAVYTCAR,0.7828512858472212
EVQLLESGGGLVQPGASLRLSCAESGFTFISYWMAWVRQAPKKGLVWVSNIKQDGAPKYYDASVDERFTISRDNAKNSLYLQMNSLRAEDTAVYYCAR,0.7813490962710947
EVQLLESGGGLVQPGGSLRLSCAASGETYSNIWMSWVRQAPGKGEEWGSQIKQDGSEKDYVHSPVGRFTISRDNAKNSLYLQMNLLRAEDTSMYYCAR,0.7776607047030868
EVQLLESGGGFVQPGGSLRLSCWASGFTNHSDWMSWVRQAPGKGLIWVSNSKQDGGEAAYRWSVKLRFTISRKNFKNSLYLQMNSLRAEDTAVYYCAR,0.7731484949930647
ESQLLESGGGLVQPGGSLRCSCAASGNTECSYLMSWVRQAPGKGLEWVSVIKQWGLEKEHVSAFKGRFTISRDNAKNTLYLQMNSLRAEDCAVRYTAR,0.7385243956491216
