antibody_id,sequence_prefix,coverage_fraction,mean_binding_score
ab_1,EVQLLESGGGLV…,1.0,0.8955
ab_2,EVTLLESGGGLV…,1.0,0.9012
ab_3,EVQLLESYGGLV…,1.0,0.8313
ab_4,EVQLLESGGGLV…,1.0,0.8995
ab_5,ESQLLESGGGLV…,1.0,0.8546
ab_6,EVQLLESGGGLV…,1.0,0.8458
ab_7,EVQLLPSHGGLV…,1.0,0.8879
ab_8,EVQLLESGGGLV…,1.0,0.9029
ab_9,EVQLLESGGGPV…,1.0,0.9043
ab_10,EVQLLESGGGLV…,1.0,0.9461
ab_11,EVQLLESGGGLV…,1.0,0.8036
ab_12,EVQLLESGGGLV…,1.0,0.8973
ab_13,EVQLLESGGGLV…,1.0,0.9014
ab_14,EVQLLESGGGLV…,1.0,0.9151
ab_15,QVQLVQSGAEVK…,1.0,0.8713
ab_16,EVQLLESGGDLV…,1.0,0.8663
ab_17,EVQLLESGGGLV…,1.0,0.8813
ab_18,EVQLLESGGGLV…,1.0,0.8872
ab_19,EVQLLESPGGLV…,1.0,0.8281
ab_20,EVQLLESGGGLV…,1.0,0.857
ab_21,NVQLLESGGQAV…,1.0,0.882
ab_22,EVQLLESGGGFV…,1.0,0.9172
ab_23,EVQLLESGGGLN…,1.0,0.8352
ab_24,EVQLLESGGGLV…,1.0,0.904
ab_25,EVQLLESGGGLV…,1.0,0.875
ab_26,EVQLLESGGGLV…,1.0,0.9627
ab_27,EVQLLEQGGGLV…,1.0,0.8411
ab_28,EVQLVESGGGLV…,1.0,0.895
ab_29,EVQLLESGGGLV…,1.0,0.9101
ab_30,EVQLLESFGGLV…,1.0,0.853
ab_31,EVQLLESGGGLV…,1.0,0.8539
ab_32,EVQLLESGGGLV…,1.0,0.9015
ab_33,EVQLLEAGGGLL…,1.0,0.8293
ab_34,EVQLLEGGGGLV…,1.0,0.788
ab_35,EVKLWEHGYGLV…,1.0,0.8253
ab_36,EVQLEESGGGLV…,1.0,0.8392
ab_37,EEQLLESGAGLV…,1.0,0.8327
ab_38,EVQLLESGGGLV…,1.0,0.9222
